transaction_id,amount,transaction_time,customer_id,merchant_id,transaction_type
1,1873.33,2023-09-28 16:39:10,49,1,transfer
2,4753.62,2023-02-08 03:54:51,77,8,payment
3,3660.24,2023-05-22 02:23:57,4,23,payment
4,2993.69,2023-09-08 19:51:43,90,3,withdrawal
5,780.94,2023-10-14 05:57:43,89,4,withdrawal
6,780.82,2023-01-29 19:51:46,94,25,purchase
7,291.36,2023-10-09 11:29:11,75,47,withdrawal
8,4331.01,2023-11-02 01:35:26,7,38,payment
9,3005.97,2023-04-04 03:20:52,95,15,purchase
10,3540.65,2023-03-02 19:30:24,74,21,purchase
11,103.9,2023-05-06 22:25:26,39,35,withdrawal
12,4849.58,2023-09-24 02:45:56,13,46,payment
13,4162.38,2023-08-26 10:39:49,31,14,purchase
14,1062.48,2023-08-08 16:09:51,71,36,payment
15,909.94,2023-09-28 16:54:29,63,12,payment
16,917.84,2023-07-19 13:14:47,56,17,payment
17,1521.91,2023-09-02 21:19:13,42,39,withdrawal
18,2624.26,2023-09-09 00:50:32,61,9,transfer
19,2160.29,2023-10-28 05:54:19,42,35,transfer
20,1456.85,2023-05-03 06:13:34,56,13,purchase
21,3059.65,2023-10-10 02:47:22,36,15,payment
22,698.33,2023-06-13 16:43:05,84,18,withdrawal
23,1461.43,2023-08-23 16:08:08,68,33,payment
24,1832.44,2023-11-23 01:35:40,7,6,payment
25,2280.89,2023-10-19 01:15:05,54,27,withdrawal
26,3926.09,2023-01-19 02:38:38,1,23,transfer
27,999.17,2023-09-11 16:02:39,44,27,payment
28,2571.66,2023-05-02 19:10:01,45,34,payment
29,2962.48,2023-04-26 15:19:43,47,46,transfer
30,233.21,2023-06-17 16:31:02,13,38,withdrawal
31,3038.12,2023-12-23 05:22:24,22,14,purchase
32,853.45,2023-02-14 03:14:30,21,36,transfer
33,326.19,2023-02-25 15:07:05,86,8,purchase
34,4744.48,2023-09-28 16:24:52,92,35,purchase
35,4828.19,2023-08-10 17:07:33,9,19,transfer
36,4042.18,2023-03-12 21:02:49,26,30,payment
37,1523.76,2023-01-18 15:21:42,9,14,purchase
38,489.26,2023-05-15 00:25:49,15,20,purchase
39,3421.48,2023-06-15 18:54:06,10,49,withdrawal
40,2201.32,2023-04-15 18:39:48,88,25,payment
41,611.07,2023-08-10 18:23:02,42,40,purchase
42,2476.39,2023-01-24 13:30:48,72,24,withdrawal
43,172.91,2023-09-11 11:22:26,24,14,payment
44,4546.69,2023-05-06 07:54:23,80,26,transfer
45,1294.64,2023-10-21 15:20:39,49,38,transfer
46,3312.95,2023-04-25 17:50:41,26,23,withdrawal
47,1559.24,2023-12-03 08:44:06,91,22,transfer
48,2600.82,2023-11-09 03:32:44,37,48,purchase
49,2734.0,2023-09-29 15:03:45,68,19,payment
50,925.09,2023-05-24 00:27:10,50,46,purchase
51,4847.95,2023-05-13 14:38:21,24,3,purchase
52,3875.89,2023-01-10 16:46:43,19,42,transfer
53,4697.56,2023-02-09 17:43:02,100,19,purchase
54,4474.24,2023-04-11 08:22:58,60,9,transfer
55,2989.9,2023-11-25 02:40:17,39,28,payment
56,4609.45,2023-12-05 12:08:26,74,20,payment
57,443.37,2023-02-09 07:04:09,89,45,purchase
58,980.72,2023-07-14 22:42:46,18,7,withdrawal
59,227.09,2023-10-14 05:07:28,19,14,transfer
60,1627.33,2023-03-27 23:47:25,36,9,transfer
61,1944.0,2023-05-06 06:20:14,74,19,purchase
62,1357.47,2023-09-22 13:41:43,97,47,transfer
63,4143.86,2023-06-21 07:38:10,55,14,transfer
64,1784.41,2023-10-25 17:59:07,69,38,withdrawal
65,1405.39,2023-06-17 23:46:03,47,36,withdrawal
66,2713.94,2023-08-12 15:58:36,49,40,purchase
67,705.48,2023-11-27 02:39:29,99,17,withdrawal
68,4011.18,2023-04-19 15:49:22,98,30,purchase
69,373.68,2023-02-18 12:44:20,33,9,payment
70,4934.45,2023-12-06 09:40:58,21,33,purchase
71,3861.45,2023-07-15 17:34:31,81,25,payment
72,994.38,2023-06-25 14:02:01,22,14,purchase
73,28.61,2023-10-27 02:17:26,48,11,transfer
74,4077.49,2023-10-28 15:29:26,37,35,withdrawal
75,3534.58,2023-05-22 23:44:43,15,41,payment
76,3645.31,2023-04-16 03:36:06,35,14,purchase
77,3856.58,2023-05-19 16:59:58,92,30,withdrawal
78,371.15,2023-12-20 00:59:35,71,41,purchase
79,1792.97,2023-01-22 07:34:08,32,4,withdrawal
80,580.23,2023-12-22 12:03:15,11,4,withdrawal
81,4315.65,2023-03-24 13:15:08,10,28,purchase
82,3116.87,2023-09-26 16:37:41,73,8,payment
83,1655.16,2023-11-07 19:31:36,78,2,payment
84,318.73,2023-06-23 00:42:52,77,41,transfer
85,1555.6,2023-02-14 07:27:13,57,46,withdrawal
86,1626.59,2023-08-14 20:08:00,25,22,transfer
87,3648.3,2023-06-07 08:17:19,2,41,transfer
88,3188.15,2023-09-03 16:06:04,64,16,purchase
89,4436.18,2023-11-19 12:42:17,35,29,purchase
90,2361.6,2023-03-24 18:52:27,7,49,purchase
91,598.85,2023-11-14 23:53:33,85,48,withdrawal
92,3566.51,2023-06-21 04:21:21,18,30,purchase
93,3804.16,2023-02-17 21:14:30,67,12,purchase
94,2806.82,2023-02-19 23:25:22,42,35,withdrawal
95,3855.06,2023-05-25 17:23:53,39,11,withdrawal
96,2469.48,2023-10-24 14:05:21,41,46,payment
97,2614.14,2023-10-08 14:03:09,75,50,purchase
98,2138.28,2023-01-12 19:22:34,24,21,purchase
99,128.07,2023-10-15 14:15:40,60,21,purchase
100,540.35,2023-10-01 09:19:08,46,5,payment
101,158.11,2023-02-27 05:39:29,19,48,purchase
102,3182.42,2023-03-19 22:20:15,68,20,payment
103,1572.47,2023-05-25 06:42:39,90,37,transfer
104,2543.34,2023-04-05 20:36:50,42,3,payment
105,4537.92,2023-10-13 15:58:30,32,44,transfer
106,1247.21,2023-03-25 03:53:17,39,33,purchase
107,2052.5,2023-12-13 01:46:27,36,9,transfer
108,3778.0,2023-10-16 18:12:44,97,9,payment
109,1144.76,2023-03-19 17:05:01,36,4,withdrawal
110,385.82,2023-05-10 12:58:24,3,35,transfer
111,1449.47,2023-06-23 15:48:44,73,17,transfer
112,806.95,2023-11-12 11:59:57,8,34,purchase
113,4648.56,2023-06-14 16:42:28,97,24,payment
114,4040.79,2023-06-10 00:12:27,70,32,transfer
115,3167.39,2023-05-05 13:08:08,41,1,transfer
116,4357.43,2023-05-11 20:20:31,68,8,transfer
117,4018.56,2023-11-19 14:24:55,13,45,transfer
118,933.66,2023-10-29 08:12:27,49,23,withdrawal
119,4462.9,2023-05-12 15:40:57,60,47,payment
120,2697.17,2023-10-14 10:08:29,2,40,purchase
121,4037.39,2023-07-04 03:23:04,60,12,purchase
122,4480.56,2023-01-22 12:33:02,5,12,withdrawal
123,1590.7,2023-12-29 14:40:38,44,46,payment
124,551.15,2023-12-09 17:05:23,27,47,transfer
125,1140.45,2023-06-09 10:27:16,32,15,withdrawal
126,2136.11,2023-10-11 19:28:00,21,41,payment
127,4090.26,2023-08-07 19:58:21,8,19,transfer
128,4303.79,2023-06-16 08:22:08,72,26,withdrawal
129,35.75,2023-02-24 15:17:22,50,29,payment
130,2554.23,2023-11-13 19:36:12,67,22,purchase
131,2087.64,2023-06-02 02:18:53,44,40,purchase
132,1111.32,2023-01-07 08:33:59,58,21,payment
133,600.21,2023-10-25 17:08:45,3,38,purchase
134,1688.74,2023-03-04 14:25:53,86,20,payment
135,4714.61,2023-12-27 04:21:23,70,29,transfer
136,1616.69,2023-08-18 10:53:05,2,4,payment
137,2594.43,2023-12-17 05:18:53,87,7,transfer
138,3515.39,2023-06-07 15:11:32,44,28,withdrawal
139,1818.78,2023-05-31 15:45:28,2,28,payment
140,4858.94,2023-07-10 07:09:35,81,4,withdrawal
141,4812.27,2023-04-22 19:04:32,35,22,purchase
142,1259.66,2023-07-23 06:29:08,98,12,transfer
143,2486.75,2023-06-16 09:35:41,87,45,payment
144,1505.09,2023-10-28 03:49:34,30,3,withdrawal
145,1424.92,2023-10-21 04:44:56,8,22,transfer
146,185.4,2023-01-05 14:28:30,22,44,transfer
147,3048.21,2023-03-17 06:26:56,44,2,purchase
148,2513.89,2023-02-19 23:10:48,58,24,purchase
149,258.34,2023-12-27 09:39:15,36,34,transfer
150,1393.95,2023-12-30 16:47:07,69,27,transfer
151,4541.42,2023-06-13 13:57:14,77,41,payment
152,1198.57,2023-08-20 02:05:45,93,1,transfer
153,725.33,2023-02-25 09:25:56,31,8,payment
154,2447.77,2023-09-11 06:35:40,47,23,transfer
155,4928.27,2023-02-28 04:02:44,55,38,purchase
156,1211.03,2023-06-22 16:02:50,80,6,payment
157,3361.01,2023-05-11 01:52:59,62,22,withdrawal
158,3808.34,2023-06-24 21:27:33,30,25,purchase
159,1188.95,2023-10-14 17:30:14,55,18,payment
160,3641.35,2023-07-24 17:19:51,16,17,payment
161,1839.55,2023-03-10 22:07:58,12,12,withdrawal
162,3161.9,2023-12-26 12:08:13,17,6,payment
163,3168.02,2023-12-17 09:07:35,16,26,transfer
164,2679.34,2023-11-18 07:51:38,12,27,withdrawal
165,452.36,2023-09-20 19:00:13,8,8,purchase
166,4176.68,2023-07-20 15:35:40,84,19,purchase
167,1604.58,2023-08-28 02:26:41,3,42,transfer
168,933.41,2023-05-28 17:04:24,16,1,purchase
169,204.83,2023-02-27 22:16:38,30,29,payment
170,2954.87,2023-12-04 17:06:59,23,45,payment
171,3388.14,2023-05-04 14:24:03,92,49,transfer
172,83.92,2023-09-11 23:31:06,5,35,purchase
173,2560.95,2023-06-06 05:25:27,84,40,purchase
174,1133.25,2023-09-18 01:44:51,65,14,transfer
175,3226.22,2023-04-04 20:45:16,30,35,withdrawal
176,872.66,2023-03-02 02:34:38,21,48,purchase
177,3455.0,2023-07-19 04:10:29,84,45,withdrawal
178,1934.29,2023-11-03 22:13:08,70,20,purchase
179,4683.71,2023-05-06 03:30:58,22,49,purchase
180,688.47,2023-08-31 09:18:36,82,13,purchase
181,1705.99,2023-06-06 15:36:13,72,38,purchase
182,568.25,2023-07-24 04:12:57,32,49,payment
183,4623.54,2023-01-04 11:56:26,33,46,withdrawal
184,4386.82,2023-08-20 07:16:49,16,49,withdrawal
185,1290.45,2023-03-05 12:51:04,76,8,purchase
186,3300.26,2023-03-28 07:23:05,38,43,purchase
187,4086.29,2023-09-30 12:12:24,98,20,withdrawal
188,2776.45,2023-12-02 13:58:08,14,33,payment
189,2648.72,2023-07-26 01:29:29,36,26,transfer
190,1210.02,2023-11-02 13:37:06,97,39,transfer
191,466.42,2023-10-20 22:51:35,23,21,withdrawal
192,4486.18,2023-11-13 21:58:29,66,49,purchase
193,4502.19,2023-07-13 14:32:36,85,42,purchase
194,3165.87,2023-06-06 20:16:04,2,43,payment
195,1695.81,2023-08-26 12:16:53,91,41,transfer
196,1746.7,2023-01-18 12:42:22,73,9,payment
197,3630.05,2023-09-25 18:22:14,65,24,transfer
198,4485.65,2023-02-18 09:17:36,75,37,withdrawal
199,4435.55,2023-05-12 00:06:32,67,49,transfer
200,3899.6,2023-10-20 03:52:02,52,41,payment
201,3210.52,2023-06-25 04:22:43,62,17,payment
202,421.62,2023-05-16 05:28:25,23,24,payment
203,808.98,2023-03-21 05:43:12,26,21,withdrawal
204,4492.87,2023-04-11 10:15:24,68,39,transfer
205,3032.54,2023-05-01 08:12:42,82,41,transfer
206,46.98,2023-10-07 05:21:45,55,39,payment
207,508.26,2023-01-22 04:12:33,6,13,transfer
208,3317.85,2023-12-05 14:14:41,35,11,purchase
209,26.3,2023-02-05 04:49:01,22,46,purchase
210,804.88,2023-07-26 05:05:20,43,19,purchase
211,2744.12,2023-09-29 08:07:51,15,11,transfer
212,3459.78,2023-12-05 14:00:34,86,13,withdrawal
213,3260.15,2023-06-15 16:34:39,60,46,withdrawal
214,1122.12,2023-05-02 10:54:26,12,45,withdrawal
215,3561.18,2023-10-10 21:06:45,49,1,withdrawal
216,1187.01,2023-10-13 19:52:44,42,40,purchase
217,1627.67,2023-09-09 21:53:59,38,44,purchase
218,3732.71,2023-10-10 13:24:12,82,19,payment
219,3248.51,2023-10-12 13:30:22,45,12,transfer
220,4246.27,2023-06-29 17:03:20,35,8,transfer
221,3288.41,2023-12-15 02:13:28,30,8,withdrawal
222,2841.97,2023-08-02 13:50:59,88,45,purchase
223,469.28,2023-04-08 11:48:29,30,12,withdrawal
224,1839.21,2023-02-07 08:57:08,78,48,payment
225,1326.75,2023-10-03 20:36:49,6,33,transfer
226,1220.7,2023-08-03 02:33:46,67,45,transfer
227,4865.08,2023-05-03 07:55:20,80,26,withdrawal
228,1966.1,2023-01-28 01:56:07,7,39,payment
229,4460.34,2023-08-13 10:30:51,52,28,transfer
230,3156.06,2023-01-06 16:23:56,14,5,payment
231,3974.26,2023-10-23 01:25:28,73,8,payment
232,2513.68,2023-09-22 04:02:10,15,25,withdrawal
233,2884.94,2023-05-06 14:13:44,21,27,purchase
234,2463.1,2023-02-01 08:50:41,35,46,withdrawal
235,977.02,2023-05-17 20:00:11,66,23,purchase
236,3612.54,2023-07-27 09:49:29,91,30,payment
237,1404.58,2023-08-29 00:42:48,2,45,purchase
238,122.56,2023-02-16 01:11:42,35,47,payment
239,3227.72,2023-12-05 06:03:19,82,23,transfer
240,886.38,2023-04-05 13:09:44,78,49,transfer
241,4702.35,2023-07-17 23:08:52,20,47,transfer
242,4769.69,2023-02-11 15:21:46,82,20,withdrawal
243,4574.41,2023-02-22 03:49:14,10,18,withdrawal
244,1851.42,2023-01-08 00:10:09,25,18,payment
245,78.27,2023-04-20 12:32:23,66,2,transfer
246,4641.66,2023-05-12 16:29:47,25,4,withdrawal
247,2141.49,2023-10-01 10:58:22,54,30,transfer
248,4833.31,2023-09-10 15:13:41,33,33,withdrawal
249,4818.14,2023-04-07 12:02:15,36,36,purchase
250,4265.19,2023-01-20 23:21:30,95,18,purchase
251,1472.95,2023-08-21 03:39:48,14,37,transfer
252,1926.1,2023-04-05 21:01:35,65,19,payment
253,4255.83,2023-07-03 08:14:17,80,47,withdrawal
254,1585.29,2023-03-09 05:37:21,54,28,withdrawal
255,848.29,2023-05-26 05:08:21,52,40,purchase
256,2784.45,2023-02-28 21:07:48,3,20,purchase
257,4680.84,2023-03-13 05:52:59,99,49,payment
258,3480.45,2023-01-05 15:58:39,41,33,payment
259,2850.74,2023-06-27 12:40:44,6,12,payment
260,486.79,2023-07-11 15:07:07,25,15,transfer
261,3075.42,2023-10-17 05:33:56,13,41,purchase
262,4950.28,2023-12-19 23:01:32,98,39,transfer
263,701.28,2023-12-06 11:56:33,8,2,purchase
264,2592.13,2023-05-28 02:15:03,21,29,purchase
265,4386.99,2023-01-05 15:52:12,98,41,withdrawal
266,3704.1,2023-07-20 00:54:55,68,10,purchase
267,3485.38,2023-01-23 13:40:13,25,2,purchase
268,3512.72,2023-11-18 15:21:00,79,11,transfer
269,1798.1,2023-01-14 02:37:38,68,13,purchase
270,1468.67,2023-08-06 03:47:05,45,10,transfer
271,4047.0,2023-02-20 00:43:46,60,14,payment
272,4050.76,2023-07-21 18:49:27,12,18,purchase
273,4335.49,2023-10-19 09:38:47,32,9,purchase
274,4566.29,2023-11-02 06:40:33,96,39,transfer
275,2557.2,2023-08-23 10:53:27,92,28,payment
276,2508.08,2023-06-10 15:52:58,13,3,withdrawal
277,3991.68,2023-09-12 09:52:12,31,20,payment
278,3250.17,2023-03-11 18:09:48,78,6,transfer
279,3510.13,2023-06-30 10:44:21,20,27,payment
280,3979.17,2023-10-08 03:11:19,18,2,transfer
281,4450.14,2023-01-28 09:23:30,93,29,transfer
282,1690.64,2023-02-18 09:11:43,60,38,withdrawal
283,1878.54,2023-04-20 10:53:27,63,3,purchase
284,470.82,2023-06-04 00:05:47,6,16,transfer
285,2891.82,2023-12-06 14:34:08,32,30,transfer
286,180.68,2023-02-24 05:12:26,93,40,withdrawal
287,2328.52,2023-01-06 07:18:18,43,2,transfer
288,2713.68,2023-07-26 07:15:59,2,17,purchase
289,1433.42,2023-09-18 09:08:56,60,41,withdrawal
290,2954.58,2023-10-20 11:44:12,23,12,purchase
291,153.47,2023-02-23 11:30:50,83,35,purchase
292,187.7,2023-08-03 12:01:48,31,43,withdrawal
293,4113.18,2023-04-18 07:44:24,5,1,transfer
294,1801.59,2023-01-21 00:37:08,83,45,purchase
295,636.18,2023-01-23 12:46:33,34,15,purchase
296,2611.69,2023-08-01 08:12:19,10,26,purchase
297,3850.2,2023-03-12 18:45:18,89,37,purchase
298,1079.89,2023-07-02 20:18:34,2,21,withdrawal
299,3114.83,2023-05-16 01:04:37,11,49,withdrawal
300,427.65,2023-03-27 13:52:59,50,31,payment
301,259.36,2023-04-28 01:44:38,31,25,payment
302,2657.24,2023-11-26 22:24:04,56,23,purchase
303,2703.63,2023-10-19 20:04:58,79,24,transfer
304,3187.51,2023-01-19 18:42:52,73,38,purchase
305,3630.73,2023-08-20 10:51:37,87,28,transfer
306,4879.28,2023-08-14 07:30:00,83,21,purchase
307,2581.99,2023-10-16 19:20:18,9,43,payment
308,1615.46,2023-07-22 09:27:58,99,18,payment
309,3976.14,2023-10-01 14:49:58,21,36,transfer
310,1354.89,2023-09-13 18:25:45,73,35,purchase
311,2195.42,2023-07-12 08:55:37,28,45,transfer
312,393.2,2023-12-14 15:59:38,62,9,payment
313,127.73,2023-04-13 12:51:00,7,38,purchase
314,4813.28,2023-03-07 15:43:25,80,30,purchase
315,4180.06,2023-05-02 20:31:34,16,44,transfer
316,3480.18,2023-08-13 04:31:26,97,34,withdrawal
317,2045.36,2023-02-25 16:20:33,4,32,transfer
318,867.3,2023-09-29 18:24:35,4,3,payment
319,783.03,2023-03-16 06:41:05,40,3,payment
320,1251.96,2023-07-19 07:07:57,17,28,payment
321,2746.58,2023-11-26 20:49:16,52,44,payment
322,3573.27,2023-02-13 12:54:35,93,15,payment
323,3301.33,2023-11-14 10:38:30,52,41,withdrawal
324,1400.39,2023-10-08 00:16:01,36,23,purchase
325,4774.37,2023-10-15 17:31:11,38,40,transfer
326,3689.75,2023-10-24 22:19:56,50,11,transfer
327,2772.22,2023-11-01 06:43:38,63,48,payment
328,3058.99,2023-08-18 20:15:44,63,32,transfer
329,2098.58,2023-09-14 08:18:48,62,36,payment
330,1239.41,2023-12-05 16:51:28,99,33,withdrawal
331,1780.51,2023-11-18 13:38:47,7,24,withdrawal
332,3789.47,2023-04-09 23:27:26,27,39,purchase
333,72.95,2023-03-26 06:38:25,92,34,withdrawal
334,581.25,2023-03-01 07:33:15,86,28,withdrawal
335,230.97,2023-03-04 15:07:43,14,37,purchase
336,204.6,2023-02-15 21:02:15,71,7,transfer
337,4277.45,2023-11-04 04:19:56,86,4,payment
338,3518.59,2023-11-15 12:54:58,5,37,payment
339,2371.39,2023-06-21 10:29:03,55,1,transfer
340,490.07,2023-09-27 08:05:25,2,1,purchase
341,2458.59,2023-04-15 00:58:58,62,47,transfer
342,2367.89,2023-06-09 20:07:57,91,20,withdrawal
343,866.84,2023-05-20 07:46:14,21,19,purchase
344,2169.82,2023-04-20 13:34:01,79,29,purchase
345,1993.13,2023-05-07 22:10:48,21,10,purchase
346,3079.63,2023-04-13 03:07:11,10,18,payment
347,3175.83,2023-07-27 23:42:25,87,28,transfer
348,227.47,2023-10-23 00:20:14,58,35,purchase
349,1873.69,2023-03-17 20:50:35,39,43,purchase
350,3129.67,2023-04-27 08:27:09,5,47,purchase
351,2516.18,2023-07-03 20:52:52,65,31,transfer
352,4282.59,2023-02-17 02:05:16,13,27,payment
353,3293.81,2023-04-04 09:06:27,85,11,withdrawal
354,815.51,2023-01-20 04:11:11,90,49,payment
355,353.77,2023-09-17 22:34:11,85,49,purchase
356,3212.45,2023-09-23 07:21:21,53,38,payment
357,133.53,2023-04-09 16:39:31,82,5,payment
358,2929.29,2023-07-23 05:51:22,45,8,withdrawal
359,4701.21,2023-04-26 02:00:31,32,34,transfer
360,2877.8,2023-09-08 21:24:32,36,48,transfer
361,1941.46,2023-09-24 09:53:15,81,12,payment
362,3216.8,2023-08-30 02:59:33,99,38,payment
363,2291.81,2023-09-28 18:31:44,60,1,transfer
364,2728.54,2023-07-21 02:25:13,11,31,transfer
365,4707.38,2023-08-28 19:07:33,63,4,withdrawal
366,1931.13,2023-04-17 00:50:08,21,49,purchase
367,4805.99,2023-06-10 17:04:21,52,45,payment
368,4526.85,2023-07-05 07:42:17,55,50,transfer
369,979.76,2023-08-06 19:50:15,26,5,payment
370,347.74,2023-11-29 00:59:38,68,30,payment
371,504.79,2023-02-12 08:39:45,34,24,transfer
372,92.09,2023-08-05 04:55:13,52,3,withdrawal
373,473.12,2023-10-14 23:53:49,82,11,payment
374,3415.35,2023-08-24 13:48:47,99,45,withdrawal
375,356.87,2023-07-27 15:39:26,93,4,transfer
376,1595.56,2023-01-07 08:32:28,52,26,purchase
377,4224.53,2023-02-02 02:28:27,29,27,purchase
378,117.34,2023-12-12 10:03:38,38,46,payment
379,4072.53,2023-09-10 20:06:58,42,43,transfer
380,1409.99,2023-02-02 02:32:19,21,27,withdrawal
381,591.71,2023-01-23 09:42:20,42,42,payment
382,3483.99,2023-02-09 18:09:15,13,50,transfer
383,3145.09,2023-02-27 03:18:30,64,6,transfer
384,4387.48,2023-06-05 09:38:36,17,15,withdrawal
385,3675.62,2023-11-20 01:04:10,9,30,payment
386,4017.6,2023-03-01 16:11:12,41,42,transfer
387,1410.89,2023-06-13 22:19:49,1,37,transfer
388,888.02,2023-08-19 22:55:42,2,37,transfer
389,3753.32,2023-08-01 04:08:46,60,42,withdrawal
390,4034.37,2023-11-09 11:03:59,48,37,payment
391,4952.54,2023-08-26 17:38:58,29,35,payment
392,2063.68,2023-05-05 17:03:06,97,23,payment
393,1860.72,2023-06-29 08:22:17,10,6,payment
394,3882.29,2023-02-21 04:13:10,58,4,purchase
395,1704.68,2023-01-30 08:08:57,60,18,purchase
396,4653.86,2023-05-14 15:14:41,21,9,payment
397,4292.21,2023-01-10 09:41:01,28,49,withdrawal
398,2145.54,2023-09-03 10:04:12,75,29,purchase
399,3754.6,2023-12-05 05:02:59,34,13,transfer
400,3772.96,2023-08-03 01:37:20,8,47,purchase
401,516.52,2023-02-01 08:57:06,59,17,transfer
402,4512.86,2023-10-29 23:11:08,86,45,payment
403,2526.76,2023-05-12 14:19:20,72,32,purchase
404,4132.46,2023-06-28 06:58:22,49,48,withdrawal
405,1600.93,2023-10-13 16:29:42,79,22,purchase
406,4477.72,2023-10-06 18:55:24,17,4,purchase
407,1946.62,2023-11-04 07:41:16,60,5,purchase
408,55.18,2023-03-16 12:53:30,87,37,payment
409,4527.0,2023-04-11 09:29:23,88,41,withdrawal
410,457.34,2023-07-19 07:43:27,45,49,purchase
411,1597.25,2023-07-31 13:39:13,83,13,withdrawal
412,4750.36,2023-12-24 19:17:02,69,34,payment
413,4753.09,2023-02-10 08:31:09,32,45,transfer
414,2867.62,2023-06-23 13:08:35,44,22,purchase
415,3159.55,2023-10-29 22:13:41,65,23,withdrawal
416,2242.78,2023-11-11 22:06:02,87,3,withdrawal
417,1466.76,2023-02-13 02:09:06,8,42,payment
418,1643.99,2023-10-03 22:40:16,77,34,purchase
419,3362.92,2023-04-25 07:00:13,72,32,transfer
420,3762.12,2023-05-11 06:15:07,87,45,withdrawal
421,3958.1,2023-01-03 14:24:55,43,49,purchase
422,3948.3,2023-05-12 14:21:15,1,21,transfer
423,456.94,2023-08-23 00:20:44,51,46,withdrawal
424,2472.61,2023-11-01 00:34:28,24,44,withdrawal
425,288.74,2023-06-12 18:38:38,99,21,transfer
426,2748.09,2023-10-09 14:23:11,24,44,transfer
427,2208.21,2023-10-16 04:47:32,17,11,payment
428,4438.63,2023-10-12 00:24:26,5,39,purchase
429,1755.22,2023-06-28 02:39:15,20,4,purchase
430,586.22,2023-12-13 10:48:37,21,1,payment
431,715.82,2023-04-24 10:01:54,58,28,withdrawal
432,3807.79,2023-02-08 15:50:16,31,24,transfer
433,3091.47,2023-08-27 13:08:20,100,35,transfer
434,506.51,2023-12-28 02:52:42,11,13,transfer
435,421.45,2023-06-03 07:21:36,52,47,withdrawal
436,3505.14,2023-01-22 09:17:45,15,34,transfer
437,364.74,2023-06-22 16:53:15,83,11,transfer
438,4109.48,2023-10-09 23:45:41,7,36,payment
439,3531.5,2023-06-18 14:56:14,28,17,withdrawal
440,407.66,2023-07-01 10:02:09,51,35,purchase
441,425.1,2023-04-18 17:34:52,58,18,payment
442,4933.21,2023-09-08 20:52:50,5,40,payment
443,1871.98,2023-02-16 11:52:16,5,22,purchase
444,1853.84,2023-06-10 12:44:08,94,24,payment
445,4064.19,2023-07-18 04:07:51,96,19,withdrawal
446,4736.3,2023-03-08 13:18:03,8,37,transfer
447,4930.02,2023-01-13 10:36:01,64,39,withdrawal
448,3767.14,2023-09-05 17:14:54,10,21,purchase
449,1881.92,2023-05-19 07:36:11,38,8,purchase
450,418.42,2023-08-10 16:52:31,96,28,payment
451,3885.96,2023-07-27 07:22:02,92,5,withdrawal
452,2792.46,2023-12-27 16:39:35,81,17,withdrawal
453,2121.69,2023-05-29 22:03:39,95,37,purchase
454,4531.87,2023-10-18 05:01:33,8,36,withdrawal
455,556.88,2023-01-29 15:29:28,25,19,purchase
456,2463.63,2023-03-13 08:49:20,73,27,withdrawal
457,57.76,2023-09-17 20:02:36,66,34,withdrawal
458,2343.83,2023-06-07 01:15:32,79,11,withdrawal
459,282.46,2023-09-17 12:20:23,50,45,purchase
460,594.97,2023-09-21 07:22:54,67,47,payment
461,588.51,2023-01-29 06:24:26,49,12,withdrawal
462,3246.4,2023-02-21 08:41:17,36,21,purchase
463,3730.48,2023-12-10 20:10:25,68,11,purchase
464,2917.26,2023-06-09 15:27:47,78,39,withdrawal
465,4810.9,2023-04-22 04:42:46,41,28,withdrawal
466,1874.98,2023-03-02 15:53:38,89,5,payment
467,1429.27,2023-11-07 10:26:07,62,17,purchase
468,4343.13,2023-09-11 19:04:11,10,20,purchase
469,1118.76,2023-03-05 10:32:20,21,41,transfer
470,4816.15,2023-10-05 16:23:51,36,46,purchase
471,61.76,2023-12-04 07:14:03,12,12,payment
472,4849.42,2023-11-23 18:48:25,91,6,transfer
473,216.76,2023-12-28 15:47:14,2,17,transfer
474,4455.82,2023-10-14 21:30:59,13,19,transfer
475,2638.98,2023-02-27 15:41:02,53,26,withdrawal
476,4964.83,2023-09-04 13:20:24,32,48,withdrawal
477,369.91,2023-03-03 05:38:37,95,44,purchase
478,2769.72,2023-01-06 23:59:09,16,44,transfer
479,4846.54,2023-08-16 12:53:26,32,32,payment
480,2615.97,2023-01-10 05:39:28,32,6,withdrawal
481,3147.36,2023-10-13 12:47:57,98,36,payment
482,3479.05,2023-10-20 04:28:27,11,38,payment
483,2273.25,2023-09-24 01:43:47,10,11,withdrawal
484,3138.16,2023-01-31 17:46:11,15,33,withdrawal
485,2921.99,2023-07-05 04:18:16,17,24,withdrawal
486,4505.89,2023-09-17 02:25:41,40,23,withdrawal
487,228.19,2023-12-04 12:57:19,18,15,transfer
488,1405.53,2023-12-25 21:15:36,55,27,transfer
489,4752.11,2023-08-16 10:45:15,73,11,transfer
490,4451.43,2023-03-26 22:50:38,25,50,transfer
491,2278.83,2023-06-03 04:55:49,59,17,purchase
492,3101.04,2023-07-11 04:56:21,78,14,transfer
493,1387.63,2023-10-07 00:31:48,89,27,withdrawal
494,941.42,2023-06-17 10:39:48,22,18,payment
495,2319.03,2023-08-04 01:38:09,30,28,transfer
496,1767.41,2023-02-04 00:09:59,84,47,purchase
497,2918.7,2023-06-26 22:20:55,85,47,withdrawal
498,389.6,2023-10-10 01:53:14,44,4,payment
499,4872.0,2023-04-15 03:36:44,32,7,payment
500,4931.07,2023-02-26 19:49:36,51,45,transfer
501,3491.11,2023-07-09 07:09:59,46,35,payment
502,2680.95,2023-07-01 23:51:48,21,48,transfer
503,1548.33,2023-04-17 02:25:21,99,9,transfer
504,4069.16,2023-02-08 05:36:29,32,8,withdrawal
505,3423.97,2023-04-03 21:16:47,94,45,withdrawal
506,813.92,2023-09-02 13:53:21,39,17,purchase
507,4554.72,2023-06-17 20:07:09,12,17,withdrawal
508,4112.86,2023-10-23 18:26:54,47,49,withdrawal
509,4749.05,2023-11-08 17:03:26,18,33,transfer
510,3628.87,2023-06-05 23:20:05,21,32,withdrawal
511,3067.46,2023-05-10 06:01:03,13,8,transfer
512,2091.8,2023-02-06 11:31:22,21,19,transfer
513,4663.71,2023-12-17 22:02:00,8,38,withdrawal
514,4330.45,2023-02-07 03:40:16,46,3,purchase
515,227.05,2023-11-15 19:35:01,7,5,purchase
516,132.81,2023-03-19 23:28:40,23,13,payment
517,1882.94,2023-01-28 15:43:03,96,47,payment
518,4052.96,2023-10-03 03:52:42,75,46,withdrawal
519,4936.39,2023-07-16 01:54:29,86,31,purchase
520,752.93,2023-12-13 16:28:34,22,16,transfer
521,2971.06,2023-06-17 09:48:07,89,50,payment
522,1905.07,2023-09-21 07:39:20,22,32,transfer
523,4849.6,2023-03-03 03:19:39,92,22,payment
524,4210.75,2023-04-24 17:12:24,29,29,withdrawal
525,4191.81,2023-01-30 10:17:17,13,22,purchase
526,2344.0,2023-04-03 23:39:11,82,43,payment
527,2074.68,2023-05-17 08:05:34,2,3,purchase
528,1367.76,2023-11-30 02:11:27,29,10,transfer
529,282.82,2023-10-16 00:22:13,85,42,withdrawal
530,4323.75,2023-02-18 03:09:09,79,21,purchase
531,4064.69,2023-12-26 03:15:39,52,16,withdrawal
532,4998.59,2023-12-22 13:13:55,27,12,purchase
533,4983.19,2023-04-23 16:06:56,50,2,transfer
534,2777.6,2023-09-04 14:55:05,95,41,transfer
535,3845.17,2023-04-28 16:13:27,79,24,withdrawal
536,4723.88,2023-04-08 08:23:59,23,35,transfer
537,4248.39,2023-07-05 19:01:05,88,30,payment
538,1237.49,2023-11-02 15:49:15,44,30,purchase
539,2253.27,2023-04-15 13:53:36,77,47,transfer
540,646.67,2023-04-14 17:27:29,22,35,payment
541,4770.3,2023-05-29 17:50:24,43,19,withdrawal
542,3031.27,2023-04-06 21:22:40,37,50,payment
543,1143.99,2023-12-08 20:30:04,61,8,withdrawal
544,3358.83,2023-08-06 21:46:05,97,26,withdrawal
545,3091.02,2023-04-08 02:08:32,56,49,purchase
546,1791.46,2023-07-28 20:38:36,3,40,purchase
547,568.67,2023-01-23 13:02:43,63,7,payment
548,3358.19,2023-11-07 03:14:33,19,30,purchase
549,2602.02,2023-11-10 02:08:21,23,7,purchase
550,3861.82,2023-03-30 14:15:02,29,3,purchase
551,2601.3,2023-02-14 22:22:29,30,1,payment
552,4261.06,2023-09-08 13:57:58,39,36,transfer
553,2759.98,2023-10-03 17:20:25,25,25,purchase
554,2805.13,2023-04-08 16:17:49,8,37,purchase
555,4383.39,2023-10-11 01:08:09,58,1,payment
556,2018.01,2023-07-04 12:13:37,16,15,transfer
557,670.94,2023-02-26 02:01:50,72,37,purchase
558,144.88,2023-08-29 11:39:13,1,13,withdrawal
559,3775.93,2023-04-16 10:26:49,5,40,payment
560,3101.93,2023-06-20 00:19:02,3,8,purchase
561,3520.69,2023-11-11 07:35:07,65,5,purchase
562,1065.61,2023-05-30 09:30:24,4,9,withdrawal
563,682.72,2023-11-07 01:35:35,99,1,withdrawal
564,73.71,2023-06-29 20:08:42,96,36,payment
565,1753.59,2023-12-16 14:03:40,64,35,payment
566,2950.0,2023-06-16 13:33:54,98,2,withdrawal
567,1961.83,2023-10-06 04:39:22,89,40,payment
568,2187.94,2023-01-17 17:01:57,10,23,withdrawal
569,4520.89,2023-02-21 00:49:12,21,9,purchase
570,1741.93,2023-11-21 08:19:17,46,34,withdrawal
571,2570.43,2023-12-26 09:13:44,91,46,withdrawal
572,3918.48,2023-09-11 08:05:58,27,14,transfer
573,1983.32,2023-06-27 10:11:42,66,4,withdrawal
574,3110.81,2023-04-22 01:04:31,41,30,withdrawal
575,4311.96,2023-04-08 11:25:28,13,31,transfer
576,4747.65,2023-10-23 01:20:49,9,38,payment
577,736.22,2023-10-02 02:49:47,36,11,transfer
578,4633.01,2023-07-07 23:38:47,86,35,purchase
579,2461.09,2023-04-12 07:22:47,90,8,transfer
580,1291.96,2023-06-06 13:25:05,58,3,purchase
581,2296.22,2023-01-16 03:28:27,54,14,payment
582,4900.18,2023-08-30 05:57:17,12,13,transfer
583,2463.6,2023-04-19 00:09:55,81,45,transfer
584,1644.43,2023-06-24 14:48:29,78,32,payment
585,3167.37,2023-05-24 07:31:58,14,34,purchase
586,1201.49,2023-04-26 13:58:18,34,45,transfer
587,380.24,2023-01-02 03:58:54,53,19,purchase
588,645.27,2023-04-09 21:58:30,20,38,transfer
589,641.1,2023-08-16 04:21:30,75,16,withdrawal
590,760.36,2023-07-28 08:50:27,16,2,transfer
591,695.0,2023-11-01 13:08:31,95,40,payment
592,3204.73,2023-02-05 15:51:31,70,17,payment
593,910.22,2023-07-05 05:07:17,56,34,purchase
594,1728.99,2023-08-27 11:57:45,83,42,transfer
595,4484.05,2023-05-09 09:06:29,58,16,purchase
596,2370.33,2023-12-15 06:13:45,4,38,purchase
597,3338.12,2023-08-04 19:24:46,4,2,withdrawal
598,862.43,2023-05-27 18:42:10,20,2,withdrawal
599,962.25,2023-03-26 02:10:06,10,26,payment
600,205.3,2023-05-28 09:34:32,24,13,purchase
601,845.51,2023-09-07 21:28:09,99,47,payment
602,1393.67,2023-02-25 00:57:49,26,31,transfer
603,885.88,2023-06-24 05:36:10,37,34,purchase
604,444.42,2023-10-30 01:37:21,85,39,purchase
605,604.06,2023-10-09 14:06:45,54,3,transfer
606,2304.43,2023-09-02 08:41:58,21,8,transfer
607,1032.46,2023-04-03 07:06:51,74,23,payment
608,1821.99,2023-06-13 18:42:20,38,14,payment
609,2517.58,2023-05-16 00:49:28,46,27,transfer
610,3452.28,2023-08-17 11:19:08,4,29,payment
611,197.52,2023-11-13 12:09:22,60,39,transfer
612,3997.25,2023-01-24 01:33:45,57,39,purchase
613,3139.87,2023-02-14 08:42:58,45,1,purchase
614,409.71,2023-12-20 16:49:58,20,17,withdrawal
615,4368.02,2023-03-13 05:09:01,17,41,purchase
616,4604.44,2023-02-17 15:16:51,71,30,transfer
617,306.33,2023-04-14 23:20:12,4,13,payment
618,1385.11,2023-05-01 19:35:35,93,21,withdrawal
619,4031.2,2023-08-19 22:02:04,14,19,payment
620,3741.55,2023-02-01 14:47:18,3,19,transfer
621,923.42,2023-07-17 05:48:36,88,25,purchase
622,1047.54,2023-05-03 04:14:46,80,22,withdrawal
623,1852.99,2023-08-17 15:00:47,58,31,transfer
624,2423.13,2023-10-26 16:05:06,55,17,withdrawal
625,3091.66,2023-09-27 13:20:43,4,23,withdrawal
626,1845.2,2023-02-03 14:33:53,24,32,purchase
627,2313.21,2023-09-18 06:57:09,34,10,transfer
628,3737.61,2023-01-23 10:59:29,30,10,payment
629,184.38,2023-08-28 21:04:18,82,36,withdrawal
630,1262.93,2023-04-05 01:32:05,19,8,withdrawal
631,3567.03,2023-07-28 06:24:36,31,20,payment
632,4476.14,2023-07-26 02:52:15,60,32,transfer
633,2558.88,2023-06-19 19:36:23,60,50,withdrawal
634,2661.04,2023-10-28 09:46:16,19,14,withdrawal
635,536.75,2023-02-24 03:38:34,49,50,withdrawal
636,2237.61,2023-04-04 20:41:38,63,28,transfer
637,2663.55,2023-06-19 02:08:27,83,46,transfer
638,1213.11,2023-07-30 06:31:37,22,24,payment
639,1346.95,2023-08-28 19:05:22,24,15,transfer
640,1887.04,2023-01-27 21:07:46,76,22,transfer
641,101.34,2023-04-01 00:45:48,30,30,purchase
642,1611.07,2023-04-04 17:58:52,58,4,payment
643,1058.03,2023-08-04 14:35:33,31,13,withdrawal
644,1638.16,2023-12-25 15:50:22,100,23,transfer
645,599.69,2023-01-23 12:47:10,64,8,withdrawal
646,4452.75,2023-08-13 10:29:26,19,18,withdrawal
647,2968.37,2023-03-25 18:49:47,48,12,purchase
648,3395.83,2023-04-26 05:52:48,45,31,transfer
649,3946.07,2023-02-23 22:27:41,100,14,payment
650,2492.71,2023-01-31 03:40:14,94,34,transfer
651,435.51,2023-04-02 17:00:41,55,18,withdrawal
652,2686.0,2023-01-26 19:13:00,55,34,payment
653,2934.62,2023-05-05 01:00:07,97,11,transfer
654,3727.45,2023-06-29 20:50:27,18,41,withdrawal
655,2158.87,2023-07-07 03:36:04,63,12,withdrawal
656,638.77,2023-04-19 14:47:31,92,49,purchase
657,1419.6,2023-02-18 11:34:51,47,15,purchase
658,1816.05,2023-07-11 10:43:55,75,31,purchase
659,3229.94,2023-04-15 08:04:13,57,49,withdrawal
660,2854.32,2023-06-12 18:42:27,45,29,transfer
661,1781.13,2023-08-29 20:10:35,33,26,purchase
662,4932.59,2023-02-22 00:45:11,17,18,transfer
663,3029.27,2023-07-30 16:09:21,70,32,purchase
664,1186.9,2023-11-04 09:02:42,4,22,payment
665,509.81,2023-01-28 08:39:59,20,38,payment
666,765.14,2023-04-16 10:18:16,47,17,purchase
667,1230.54,2023-02-25 10:44:51,91,23,withdrawal
668,804.25,2023-10-24 02:54:49,15,24,purchase
669,933.65,2023-11-20 11:56:36,70,50,purchase
670,1426.19,2023-09-01 02:11:45,47,8,withdrawal
671,867.69,2023-04-25 00:46:55,78,41,payment
672,4483.93,2023-08-18 23:16:51,75,6,transfer
673,402.09,2023-11-06 23:31:13,9,5,purchase
674,2623.03,2023-07-17 12:38:38,90,44,withdrawal
675,2052.57,2023-04-23 13:29:05,16,29,purchase
676,4911.91,2023-07-13 13:14:11,69,28,withdrawal
677,561.08,2023-11-23 16:30:30,61,11,transfer
678,1989.88,2023-06-18 12:46:33,10,1,transfer
679,4847.38,2023-11-15 18:48:18,50,43,payment
680,4327.67,2023-05-10 11:19:21,3,19,withdrawal
681,4085.54,2023-10-31 21:30:29,77,9,withdrawal
682,1290.26,2023-02-21 10:22:58,94,27,payment
683,855.27,2023-10-15 06:42:52,70,34,payment
684,3343.55,2023-08-31 08:28:01,81,44,withdrawal
685,4646.95,2023-11-23 02:38:31,51,4,payment
686,2784.26,2023-01-04 00:15:16,19,36,transfer
687,2858.49,2023-11-22 15:04:46,42,18,purchase
688,1400.62,2023-03-12 10:39:28,35,15,transfer
689,3847.7,2023-11-23 11:32:50,46,13,payment
690,936.03,2023-05-08 09:25:45,26,19,withdrawal
691,1619.07,2023-08-31 22:58:15,69,49,withdrawal
692,2127.76,2023-12-08 15:25:23,93,6,transfer
693,2538.54,2023-05-19 07:40:31,64,48,withdrawal
694,1212.81,2023-01-15 13:25:49,37,12,payment
695,575.07,2023-06-07 11:57:31,84,37,transfer
696,3053.49,2023-10-09 09:59:41,49,17,withdrawal
697,1443.86,2023-05-12 11:43:09,21,23,purchase
698,2906.61,2023-08-27 17:50:57,74,26,purchase
699,772.66,2023-03-06 02:22:46,64,29,payment
700,2406.22,2023-12-04 02:15:00,5,33,withdrawal
701,2663.41,2023-05-21 07:29:08,100,27,payment
702,260.07,2023-11-26 17:13:09,70,25,transfer
703,1683.68,2023-01-05 11:47:56,90,10,purchase
704,672.94,2023-09-08 17:13:33,4,47,transfer
705,317.81,2023-07-01 02:44:05,39,23,withdrawal
706,4949.81,2023-06-27 02:06:51,35,21,payment
707,1612.45,2023-11-24 06:11:08,1,21,payment
708,4049.56,2023-12-14 00:32:13,24,43,payment
709,1273.95,2023-12-15 05:07:03,57,13,transfer
710,3407.83,2023-03-06 02:54:30,100,37,purchase
711,3801.38,2023-11-13 17:13:55,70,33,transfer
712,2978.6,2023-12-15 15:15:13,41,24,transfer
713,2358.41,2023-03-17 03:17:58,54,44,withdrawal
714,2059.79,2023-12-28 14:03:49,46,11,withdrawal
715,1744.99,2023-07-03 05:16:00,60,17,withdrawal
716,4647.72,2023-01-23 16:40:26,60,4,purchase
717,4153.27,2023-02-02 22:11:04,57,47,purchase
718,4825.17,2023-01-31 05:54:35,31,25,withdrawal
719,622.36,2023-01-16 22:52:49,84,30,withdrawal
720,3654.61,2023-11-16 07:49:54,24,9,purchase
721,4691.76,2023-01-25 04:36:52,89,21,payment
722,906.98,2023-03-02 13:00:52,36,20,purchase
723,333.41,2023-08-31 11:09:50,85,19,purchase
724,3705.86,2023-05-04 00:56:32,30,19,purchase
725,2872.79,2023-01-02 18:29:59,24,12,withdrawal
726,4209.3,2023-09-04 18:15:39,30,37,payment
727,699.72,2023-10-19 23:33:11,86,42,purchase
728,3976.54,2023-10-27 23:45:39,92,17,withdrawal
729,1008.93,2023-02-23 05:48:28,7,37,transfer
730,819.12,2023-05-12 20:59:02,35,48,transfer
731,822.16,2023-02-03 00:49:50,55,39,purchase
732,4073.06,2023-01-15 20:46:22,92,28,transfer
733,3326.32,2023-03-25 06:54:02,14,41,payment
734,2615.8,2023-02-14 14:22:01,10,35,transfer
735,1794.79,2023-06-08 06:57:06,80,47,transfer
736,4386.13,2023-08-13 21:47:33,16,48,payment
737,1962.83,2023-10-11 02:53:01,54,18,purchase
738,4083.18,2023-05-18 10:00:47,95,14,purchase
739,2196.24,2023-07-26 05:53:13,89,35,payment
740,1885.35,2023-06-22 05:59:56,77,44,payment
741,2313.94,2023-02-22 23:23:53,70,41,payment
742,1507.59,2023-09-22 20:25:47,44,7,transfer
743,3738.3,2023-02-07 16:46:21,73,41,payment
744,2514.1,2023-09-13 02:11:52,45,13,withdrawal
745,1161.83,2023-03-01 15:40:48,100,18,transfer
746,4497.97,2023-07-24 20:56:36,56,37,purchase
747,1920.07,2023-11-21 10:44:35,84,13,purchase
748,2718.22,2023-04-07 18:42:15,82,36,purchase
749,4532.45,2023-06-12 14:16:43,57,31,transfer
750,3121.57,2023-07-01 13:15:44,21,2,withdrawal
751,585.37,2023-05-06 15:46:00,68,16,payment
752,4699.22,2023-05-29 02:34:39,50,9,payment
753,3138.91,2023-06-26 19:19:47,33,9,purchase
754,1675.19,2023-08-05 16:00:27,91,38,purchase
755,697.22,2023-09-27 12:00:56,7,11,transfer
756,3970.33,2023-07-17 15:08:26,70,22,withdrawal
757,3100.74,2023-04-11 18:19:16,15,33,payment
758,2667.77,2023-09-14 23:30:54,82,36,transfer
759,4469.57,2023-04-23 10:34:51,32,45,payment
760,3943.2,2023-10-20 08:09:08,75,23,purchase
761,759.22,2023-01-27 20:38:08,20,45,payment
762,1559.3,2023-01-21 21:36:48,88,45,withdrawal
763,1243.2,2023-04-23 08:59:35,15,34,withdrawal
764,3719.99,2023-02-18 20:20:59,48,9,purchase
765,168.63,2023-02-22 12:01:59,71,24,withdrawal
766,2849.88,2023-12-26 08:58:03,21,8,withdrawal
767,3812.53,2023-08-29 15:44:46,42,7,transfer
768,4383.95,2023-02-23 20:59:58,26,36,payment
769,1711.07,2023-06-21 15:17:25,14,18,purchase
770,4106.47,2023-05-16 00:33:47,57,3,purchase
771,554.05,2023-02-11 22:08:58,37,28,purchase
772,4232.42,2023-05-07 11:51:24,58,6,purchase
773,638.32,2023-05-27 00:53:39,21,44,purchase
774,1987.04,2023-07-25 00:50:57,82,44,withdrawal
775,3986.68,2023-04-26 05:27:41,69,21,transfer
776,750.44,2023-04-30 06:32:33,3,28,purchase
777,1147.03,2023-10-15 11:45:12,87,40,transfer
778,3611.54,2023-08-16 02:19:16,90,1,transfer
779,3600.46,2023-12-10 21:43:47,37,36,withdrawal
780,3206.1,2023-08-28 16:40:57,88,21,purchase
781,3470.05,2023-01-14 23:17:48,49,43,withdrawal
782,2714.08,2023-12-24 10:33:36,19,35,purchase
783,1259.74,2023-09-02 16:40:22,89,13,withdrawal
784,1729.13,2023-10-23 20:01:38,85,49,transfer
785,908.81,2023-12-09 07:56:53,12,10,purchase
786,4542.34,2023-01-17 01:16:20,61,44,payment
787,2917.38,2023-07-28 03:54:28,41,47,transfer
788,2004.86,2023-05-11 03:30:02,33,10,payment
789,2310.57,2023-07-01 17:54:12,50,46,transfer
790,4736.47,2023-03-28 19:36:00,68,13,withdrawal
791,767.6,2023-12-26 15:27:44,71,37,purchase
792,2931.56,2023-11-22 09:19:46,86,38,transfer
793,2529.94,2023-05-05 18:58:21,33,24,withdrawal
794,3057.66,2023-02-05 04:31:07,81,2,purchase
795,91.53,2023-12-02 17:49:07,24,22,purchase
796,4360.75,2023-04-23 02:28:04,61,17,transfer
797,4660.66,2023-06-15 18:18:25,61,36,purchase
798,2826.1,2023-07-27 20:21:43,98,14,transfer
799,3483.56,2023-11-09 04:37:14,28,10,purchase
800,4612.57,2023-09-03 13:37:46,58,35,payment
801,3536.49,2023-03-29 05:32:45,43,25,withdrawal
802,763.54,2023-11-20 01:56:49,41,3,payment
803,2881.87,2023-05-21 02:11:36,39,47,transfer
804,3033.97,2023-11-10 13:03:45,86,38,payment
805,2121.23,2023-08-05 03:03:56,49,17,transfer
806,3682.48,2023-02-06 07:52:24,17,12,purchase
807,4671.9,2023-04-09 18:51:18,98,24,purchase
808,4627.92,2023-03-22 06:36:14,70,29,transfer
809,2254.75,2023-07-30 00:07:19,70,43,payment
810,567.08,2023-10-31 11:36:10,98,25,purchase
811,4924.22,2023-08-11 06:48:17,65,36,withdrawal
812,4194.65,2023-11-30 20:29:10,74,26,purchase
813,624.19,2023-05-20 06:37:31,85,38,withdrawal
814,4604.29,2023-02-19 11:04:05,5,1,payment
815,4349.61,2023-12-06 22:57:23,2,20,withdrawal
816,2594.67,2023-02-06 20:39:50,22,28,withdrawal
817,2956.79,2023-11-21 21:51:59,57,16,withdrawal
818,1995.61,2023-06-11 04:23:08,66,47,withdrawal
819,274.75,2023-05-26 00:32:51,74,17,purchase
820,1676.65,2023-03-19 08:05:35,98,40,withdrawal
821,4014.46,2023-04-26 07:37:21,16,28,purchase
822,24.16,2023-11-22 03:39:21,51,12,withdrawal
823,1668.16,2023-11-11 23:38:35,39,27,transfer
824,1991.45,2023-03-19 10:05:42,86,42,payment
825,2687.44,2023-11-01 19:37:43,76,47,withdrawal
826,4599.36,2023-02-27 18:22:41,88,30,transfer
827,1732.38,2023-02-12 05:00:04,40,41,withdrawal
828,1735.42,2023-01-08 11:48:16,38,34,withdrawal
829,3687.77,2023-08-01 02:41:58,60,37,withdrawal
830,2261.64,2023-02-06 03:29:11,59,6,transfer
831,1123.8,2023-11-07 16:48:31,10,7,payment
832,2262.75,2023-01-10 06:15:01,99,32,transfer
833,705.14,2023-02-17 11:03:32,64,32,payment
834,882.76,2023-04-30 18:26:54,63,25,withdrawal
835,2492.34,2023-09-20 05:04:21,49,33,purchase
836,2095.21,2023-09-21 18:55:42,64,7,withdrawal
837,4574.31,2023-09-12 19:29:37,32,12,payment
838,1812.61,2023-09-25 13:23:12,7,16,transfer
839,2903.36,2023-04-19 06:12:06,21,16,withdrawal
840,3161.69,2023-04-13 20:09:26,20,43,transfer
841,66.46,2023-12-20 15:35:53,26,36,transfer
842,3318.02,2023-12-20 09:40:58,68,13,transfer
843,891.0,2023-06-26 23:52:41,86,7,withdrawal
844,4805.39,2023-04-05 00:02:37,15,36,transfer
845,744.16,2023-09-05 22:02:25,85,47,transfer
846,2073.71,2023-04-08 10:07:13,79,9,withdrawal
847,427.66,2023-02-02 19:05:52,86,32,transfer
848,4984.37,2023-05-17 19:29:29,92,11,withdrawal
849,2511.47,2023-03-27 09:01:59,14,8,payment
850,2977.33,2023-09-18 04:12:30,27,33,payment
851,336.32,2023-01-15 18:37:27,40,23,payment
852,3750.05,2023-05-24 21:06:56,58,25,transfer
853,1050.32,2023-12-12 11:08:59,28,8,purchase
854,4490.37,2023-07-05 15:48:42,26,45,purchase
855,1026.49,2023-03-04 16:39:35,63,22,transfer
856,954.25,2023-11-17 12:36:40,66,4,purchase
857,183.71,2023-04-11 18:00:13,25,40,withdrawal
858,2360.86,2023-08-18 10:15:31,3,3,purchase
859,2824.64,2023-08-19 13:48:16,72,29,transfer
860,329.48,2023-12-07 23:45:04,44,41,transfer
861,3877.86,2023-08-24 12:14:10,97,29,withdrawal
862,2266.99,2023-06-17 18:57:34,42,34,payment
863,2622.43,2023-05-12 00:14:07,99,34,transfer
864,2204.37,2023-11-21 10:16:45,6,28,withdrawal
865,2004.41,2023-06-11 00:45:40,39,13,purchase
866,2798.64,2023-05-25 14:35:27,52,15,purchase
867,777.05,2023-05-19 23:07:48,23,23,withdrawal
868,910.46,2023-12-08 15:29:44,89,44,withdrawal
869,4309.07,2023-09-08 01:39:37,50,26,transfer
870,4730.63,2023-08-28 18:51:41,43,4,purchase
871,1867.17,2023-03-21 07:16:43,19,26,withdrawal
872,1354.45,2023-05-31 23:48:17,69,40,purchase
873,3220.35,2023-12-26 05:13:21,51,9,withdrawal
874,2044.26,2023-06-18 14:07:59,11,5,purchase
875,127.91,2023-03-08 11:08:53,12,32,payment
876,781.61,2023-10-06 22:50:38,74,20,transfer
877,3580.15,2023-01-31 09:45:44,8,50,purchase
878,3294.96,2023-12-18 03:16:48,24,11,payment
879,136.45,2023-02-02 16:58:16,92,15,purchase
880,1110.64,2023-02-27 03:19:52,41,32,purchase
881,1156.14,2023-06-27 06:20:31,36,28,payment
882,3359.79,2023-05-01 16:25:48,85,22,purchase
883,99.53,2023-02-26 10:41:12,72,41,purchase
884,521.44,2023-08-14 21:26:12,55,17,transfer
885,3999.78,2023-08-13 12:06:36,9,26,payment
886,893.54,2023-07-22 12:43:20,47,44,payment
887,3264.08,2023-06-24 18:13:23,15,7,withdrawal
888,1191.68,2023-04-14 02:33:05,48,42,purchase
889,498.11,2023-10-11 11:43:56,82,26,transfer
890,1216.62,2023-12-01 02:03:25,42,25,purchase
891,3611.61,2023-07-08 21:22:11,60,10,purchase
892,4278.63,2023-06-25 12:30:29,84,45,withdrawal
893,4151.27,2023-02-03 10:08:18,70,19,purchase
894,1986.52,2023-06-07 00:09:41,12,11,transfer
895,3340.76,2023-05-27 01:20:33,2,13,transfer
896,1025.72,2023-08-11 08:03:29,7,8,withdrawal
897,1466.45,2023-05-24 17:17:00,80,40,purchase
898,4481.78,2023-02-16 15:51:04,3,4,transfer
899,66.0,2023-08-22 10:12:38,3,47,purchase
900,428.46,2023-10-21 01:58:42,27,31,purchase
901,1040.22,2023-03-27 03:50:04,40,28,purchase
902,133.63,2023-09-23 03:58:02,33,11,withdrawal
903,908.0,2023-02-03 10:01:36,92,43,purchase
904,2915.62,2023-05-31 04:51:35,1,1,transfer
905,2107.7,2023-09-27 18:11:01,8,49,purchase
906,4463.47,2023-02-01 16:09:42,32,47,transfer
907,4087.4,2023-10-14 06:21:12,48,38,purchase
908,1709.74,2023-01-13 17:41:40,4,24,transfer
909,1297.86,2023-08-01 10:16:46,94,47,transfer
910,1899.08,2023-09-16 22:16:32,70,31,purchase
911,2951.88,2023-12-19 06:33:47,19,41,purchase
912,1341.05,2023-01-23 16:59:37,32,46,transfer
913,3121.12,2023-10-03 18:39:02,9,50,payment
914,2047.65,2023-02-16 16:10:54,12,26,withdrawal
915,2760.68,2023-01-08 16:34:28,11,49,payment
916,2181.2,2023-09-27 09:57:38,46,50,payment
917,1473.03,2023-10-13 14:46:19,16,5,purchase
918,4742.32,2023-03-22 18:22:20,1,20,withdrawal
919,3818.27,2023-06-18 01:50:16,63,41,payment
920,701.43,2023-05-16 23:32:48,21,11,purchase
921,4342.47,2023-06-07 12:55:12,30,33,payment
922,2437.67,2023-11-26 07:12:31,13,50,payment
923,4472.87,2023-10-29 10:58:56,34,38,purchase
924,3999.48,2023-12-10 23:13:38,4,27,purchase
925,2126.64,2023-02-05 03:38:19,28,34,purchase
926,113.32,2023-12-07 17:48:21,95,15,withdrawal
927,1344.12,2023-05-24 08:03:37,59,32,payment
928,2708.63,2023-02-25 21:13:46,27,21,purchase
929,3167.76,2023-04-04 18:11:46,69,46,transfer
930,1290.18,2023-08-06 19:47:19,25,5,payment
931,697.64,2023-07-26 07:29:49,3,6,transfer
932,4174.82,2023-04-07 23:35:41,97,38,withdrawal
933,4922.03,2023-04-25 11:23:53,68,22,purchase
934,2628.93,2023-03-18 03:32:17,25,18,transfer
935,859.22,2023-05-08 02:04:29,20,14,withdrawal
936,1362.26,2023-01-23 03:16:24,34,10,purchase
937,92.93,2023-08-26 21:39:14,26,46,transfer
938,4571.58,2023-06-14 02:26:28,5,13,transfer
939,589.64,2023-07-16 18:51:05,99,31,withdrawal
940,2883.01,2023-11-03 12:23:35,61,30,purchase
941,1371.0,2023-06-21 20:06:07,92,3,purchase
942,2771.34,2023-06-19 21:04:01,93,30,transfer
943,3257.45,2023-05-11 05:01:57,9,6,transfer
944,4148.88,2023-01-09 15:36:59,50,29,transfer
945,1032.9,2023-04-20 14:08:52,6,8,purchase
946,55.97,2023-03-04 22:44:44,83,44,withdrawal
947,685.29,2023-09-21 23:28:25,60,45,withdrawal
948,4500.19,2023-09-16 06:36:59,44,43,purchase
949,4369.58,2023-01-28 13:22:12,11,44,payment
950,2987.47,2023-01-20 03:39:13,66,33,withdrawal
951,3002.98,2023-06-08 09:23:59,47,17,transfer
952,3325.52,2023-04-12 18:36:20,73,48,payment
953,877.68,2023-07-12 23:35:42,85,11,payment
954,4572.15,2023-04-27 22:41:47,88,13,withdrawal
955,2094.43,2023-01-07 14:38:27,98,50,payment
956,1916.31,2023-11-12 07:00:30,86,11,payment
957,2595.07,2023-07-05 22:22:34,3,31,withdrawal
958,235.78,2023-12-18 11:44:47,76,28,withdrawal
959,832.25,2023-05-07 05:25:42,92,44,payment
960,3690.43,2023-01-25 03:30:13,30,6,transfer
961,414.91,2023-08-22 01:15:25,90,41,purchase
962,3016.16,2023-12-24 04:43:29,21,16,payment
963,1227.5,2023-08-15 08:25:15,28,4,payment
964,1947.09,2023-04-30 05:45:30,90,35,transfer
965,1444.18,2023-10-06 19:57:30,62,48,payment
966,1779.01,2023-05-10 14:57:48,33,26,payment
967,3595.51,2023-04-14 10:38:12,85,12,purchase
968,1486.31,2023-01-24 03:20:54,35,11,purchase
969,2832.46,2023-02-28 09:20:42,52,37,purchase
970,2380.78,2023-10-30 16:48:15,34,25,withdrawal
971,3318.69,2023-12-07 12:01:50,41,18,withdrawal
972,4684.21,2023-02-18 02:35:32,51,19,purchase
973,3663.13,2023-03-18 07:21:50,47,23,purchase
974,1075.49,2023-03-06 08:45:12,82,38,withdrawal
975,156.88,2023-11-07 23:11:31,58,18,transfer
976,1312.06,2023-09-14 11:34:34,75,26,payment
977,2975.79,2023-09-10 06:07:46,57,6,payment
978,258.08,2023-10-05 09:04:14,23,4,purchase
979,2482.33,2023-04-02 13:08:19,48,44,transfer
980,2984.62,2023-08-25 01:12:52,22,29,withdrawal
981,1671.89,2023-05-11 06:39:08,17,34,purchase
982,3854.79,2023-01-03 23:48:37,69,17,transfer
983,533.88,2023-12-17 20:54:42,11,43,transfer
984,376.61,2023-04-23 19:09:01,94,43,transfer
985,3641.22,2023-03-16 09:42:20,15,16,withdrawal
986,2477.96,2023-01-09 03:57:55,91,2,withdrawal
987,3442.32,2023-12-03 20:45:35,35,34,payment
988,2174.7,2023-06-30 02:17:23,33,8,payment
989,1232.76,2023-10-27 22:17:17,84,13,transfer
990,4095.69,2023-05-10 08:51:38,16,42,transfer
991,3997.28,2023-11-02 18:18:22,34,8,withdrawal
992,3473.79,2023-02-20 05:14:03,66,30,payment
993,1361.45,2023-01-05 21:50:26,99,32,transfer
994,2951.56,2023-05-20 12:56:39,40,36,payment
995,1805.51,2023-11-26 02:12:31,28,47,payment
996,458.82,2023-07-03 08:57:13,47,30,transfer
997,4586.65,2023-02-17 15:52:03,39,1,withdrawal
998,684.96,2023-11-29 23:22:05,70,43,transfer
999,4751.24,2023-09-17 03:33:37,73,39,transfer
1000,2230.58,2023-03-14 23:02:25,20,17,payment
